term,coef,std_err,t,p_value,ci_low,ci_high
ami_score,-0.024214740039365402,0.013164361692822906,-1.839416190803012,0.06588235033522809,-0.05001940421205696,0.0015899241333261586
rolling_dhs,0.9907201840681906,0.0015232281042456578,650.4082883625765,0.0,0.9877343659475981,0.9937060021887831
bridging,-0.02665555341622419,0.00866879102962598,-3.0748870661580887,0.0021112576735716967,-0.04364804014079483,-0.009663066691653548
topic_fragmentation,0.012920265622429301,0.00215242843317154,6.002645859584595,2.00579844679827e-09,0.00870109463869481,0.017139436606163794
ami_x_bridging,0.02967421484128362,0.016462936672845513,1.8024861196380113,0.07149776393785691,-0.002596286535982175,0.06194471621854941
ami_x_fragmentation,-0.012107370019681526,0.006582180846410531,-1.8394161908030913,0.06588235033521644,-0.0250097021060255,0.0007949620666624461
